trigger number,MSE Score
12,1.0260105857522341
13,1.3755023389808283
14,0.961679282317332
15,0.5275061663676079
16,0.6126444640520281
17,0.848468129906482
18,0.48570937711412543
19,0.5503584854882195
20,0.5644340360076527
21,0.7575002747502131
22,0.6163862112281933
23,0.7004468284884532
24,0.7238707403953158
